Rule	Position	AA	BIC	CAB	DTG	EVG	RAL
H51Y	51	Y	10	15	10	15	15
T66A	66	A	0	0	0	60	15
T66I	66	I	5	10	5	60	15
T66K	66	K	15	20	15	60	60
E92G	92	G	0	10	0	30	15
E92Q	92	Q	10	15	10	60	30
E92V	92	V	0	10	0	60	30
Q95K	95	K	0	0	0	10	10
T97A	97	A	0	0	0	10	10
G118R	118	R	30	60	50	60	60
F121C	121	C	15	60	15	60	60
F121Y	121	Y	10	15	10	60	60
E138A	138	A	10	10	10	15	15
E138K	138	K	10	10	10	15	15
E138T	138	T	10	10	10	15	15
G140A	140	A	10	10	10	30	30
G140C	140	C	10	10	10	30	30
G140R	140	R	10	60	10	30	30
G140S	140	S	10	10	10	30	30
Y143A	143	A	5	10	5	10	60
Y143C	143	C	5	10	5	10	60
Y143G	143	G	5	10	5	10	60
Y143H	143	H	5	10	5	10	60
Y143K	143	K	5	10	5	10	60
Y143R	143	R	5	10	5	10	60
Y143S	143	S	5	10	5	10	60
P145S	145	S	0	0	0	60	0
Q146P	146	P	0	30	0	60	0
S147G	147	G	10	10	10	60	10
Q148H	148	H	25	30	25	60	60
Q148K	148	K	30	50	30	60	60
Q148N	148	N	0	15	0	15	15
Q148R	148	R	25	40	25	60	60
V151A	151	A	0	0	0	30	15
V151L	151	L	15	15	15	60	30
S153F	153	F	15	25	15	25	10
S153Y	153	Y	15	25	15	25	10
N155H	155	H	10	25	10	60	60
N155S	155	S	0	15	0	30	30
N155T	155	T	0	15	0	30	30
E157Q	157	Q	0	0	0	10	10
G163K	163	K	0	0	0	15	15
G163R	163	R	0	0	0	15	15
S230R	230	R	10	20	20	20	20
D232N	232	N	0	0	0	10	10
R263K	263	K	30	30	30	30	25
G118R + E138AKT			10	10	10	10	10
E138AKT + G140ACS			10	15	10	15	15
E138AKT + Q148HKR			10	20	10	0	0
G140ACS + Q148HKR			10	20	10	0	0
G140ACS + Q148HKR + G149A			10	10	10	10	10
Y143ACGHRS + G163R			5	5	5	5	0
Y143ACGHRS + S230R			5	5	5	5	0
S147G + Q148HKR			15	20	15	0	0
S147G + N155H			10	25	10	10	0
Q148HKR + N155H			20	20	20	0	0
Q148HKR + G163KR			5	20	5	0	0
N155H + R263K			20	20	20	0	0
E157Q + R263K			10	10	10	0	0
H51Y + R263K			10	10	10	15	0
L74FIM + G118R			10	10	10	10	10
L74FIM + Y143ACGHRS			5	10	5	5	0
L74FIM + Q148HKR			15	15	15	15	15
E92Q + N155H			10	20	10	10	10
T97A + G118R			10	10	10	10	10
T97A + Y143ACGHRS			0	5	0	5	0
T97A + Q148HKR			15	20	15	0	0