Rule	Position	AA	ATV/r	DRV/r	FPV/r	IDV/r	LPV/r	NFV	SQV/r	TPV/r
L10F	10	F	0	5	15	10	5	15	0	0
K20T	20	T	5	0	5	5	0	15	5	0
L23I	23	I	0	0	0	0	0	15	0	0
L24F	24	F	5	0	5	5	5	10	5	0
L24I	24	I	10	0	10	15	10	10	10	-5
L24M	24	M	5	0	5	5	5	10	5	0
D30N	30	N	0	0	0	0	0	60	0	0
V32I	32	I	15	15	30	15	15	15	0	5
L33F	33	F	5	5	10	5	5	10	5	10
K43T	43	T	0	0	0	0	0	10	0	10
M46I	46	I	10	0	10	10	10	30	10	5
M46L	46	L	10	0	10	10	10	20	10	10
M46V	46	V	10	0	10	10	5	20	5	5
I47A	47	A	0	10	60	15	60	30	0	30
I47V	47	V	10	10	35	15	15	20	0	30
G48A	48	A	10	0	0	10	10	30	60	0
G48L	48	L	10	0	0	10	10	30	60	0
G48M	48	M	30	0	0	10	10	30	60	0
G48Q	48	Q	10	0	0	10	10	30	60	0
G48S	48	S	10	0	0	10	10	30	60	0
G48T	48	T	10	0	0	10	10	30	60	0
G48V	48	V	30	0	0	10	10	30	60	0
I50L	50	L	60	-10	-5	-5	-10	0	-5	-5
I50V	50	V	0	20	60	0	30	15	15	-5
F53L	53	L	10	0	0	0	0	10	15	0
I54A	54	A	15	0	10	15	15	20	15	20
I54L	54	L	15	20	60	10	20	20	15	-10
I54M	54	M	15	20	60	15	20	20	15	20
I54S	54	S	15	0	10	15	15	20	15	20
I54T	54	T	15	0	10	15	15	20	15	20
I54V	54	V	15	0	10	15	15	20	15	20
Q58E	58	E	0	0	0	0	0	10	0	15
G73A	73	A	10	0	10	15	5	15	15	0
G73C	73	C	10	0	10	15	5	15	15	0
G73D	73	D	5	0	5	5	5	10	10	0
G73S	73	S	10	0	10	15	5	15	15	0
G73T	73	T	10	0	10	15	5	15	15	0
G73V	73	V	5	0	5	5	5	10	10	0
T74P	74	P	10	5	10	10	5	20	10	25
L76V	76	V	0	20	60	30	30	10	0	-5
V82A	82	A	15	0	15	30	30	30	15	0
V82C	82	C	15	0	15	15	15	30	15	10
V82F	82	F	15	15	30	30	30	30	10	0
V82L	82	L	10	0	15	10	10	10	10	45
V82M	82	M	10	0	15	30	25	30	15	10
V82S	82	S	30	0	15	30	30	30	15	30
V82T	82	T	30	0	15	30	30	30	15	45
N83D	83	D	10	0	0	10	0	15	10	25
I84A	84	A	60	30	60	60	60	60	60	60
I84C	84	C	60	15	60	60	30	60	60	30
I84V	84	V	60	15	60	60	30	60	60	30
N88D	88	D	10	0	0	0	0	60	10	0
N88G	88	G	15	0	0	0	0	30	0	0
N88S	88	S	60	-5	-10	15	0	60	15	0
N88T	88	T	15	0	0	0	0	30	0	0
L89V	89	V	0	5	10	5	0	10	0	0
L90M	90	M	25	0	20	30	15	60	45	0
V11IL + V32I			0	5	5	5	5	5	0	0
V11IL + I54LM			0	5	5	5	5	5	0	0
V32I + I47AV			5	5	5	5	5	5	0	0
V32I + I54LM			5	5	5	5	5	5	0	0
V32I + L76V			0	5	5	5	5	5	0	0
V32I + I84V			0	5	5	5	5	5	0	0
V32I + L89V			0	5	5	5	5	5	0	0
M46IL + I84V + L90M			5	0	5	5	5	5	5	5
M46ILV + L76V			0	0	10	10	10	10	0	0
M46ILV + V82ACFLMST			10	0	10	10	10	10	10	0
M46ILV + L90M			10	0	10	10	0	10	5	0
I47AV + I54LM			5	5	5	5	5	5	0	0
I47AV + I84V			0	5	5	5	5	5	0	0
F53L + L90M			10	0	10	10	0	10	10	0
I54ALMSTV + V82ACFLMST			10	0	10	10	10	10	10	0
I54ALMSTV + L90M			10	0	10	10	5	10	10	0
I54LM + I84V			0	5	5	5	5	5	0	0
I54LM + L89V			0	5	5	5	5	5	0	0
G73ACSTV + L90M			10	0	10	10	0	10	10	0
V82ACFLMST + L90M			10	0	10	10	5	10	10	0