Rule	Position	AA	DOR	EFV	ETR	NVP	RPV
A98G	98	G	15	15	10	30	15
L100I	100	I	15	60	30	60	60
L100V	100	V	10	30	10	30	15
K101E	101	E	15	15	15	30	45
K101H	101	H	0	10	10	15	10
K101P	101	P	10	60	60	60	60
K103H	103	H	0	60	0	60	0
K103N	103	N	0	60	0	60	0
K103S	103	S	0	45	0	60	0
K103T	103	T	0	15	0	60	0
V106A	106	A	60	45	0	60	0
V106I	106	I	10	0	10	10	10
V106M	106	M	50	60	0	60	0
V108I	108	I	15	10	0	15	0
E138A	138	A	0	0	10	0	15
E138G	138	G	0	10	10	10	15
E138K	138	K	10	10	10	10	45
E138Q	138	Q	0	10	10	10	15
E138R	138	R	0	10	10	10	15
V179D	179	D	0	10	10	10	10
V179E	179	E	0	10	10	10	10
V179F	179	F	10	10	15	15	15
V179L	179	L	0	10	10	10	15
Y181C	181	C	10	30	30	60	45
Y181F	181	F	0	15	15	60	30
Y181G	181	G	0	15	15	60	30
Y181I	181	I	20	30	60	60	60
Y181S	181	S	0	15	15	60	30
Y181V	181	V	20	30	60	60	60
Y188C	188	C	10	60	0	60	0
Y188F	188	F	30	60	0	60	30
Y188H	188	H	10	30	0	60	0
Y188L	188	L	60	60	10	60	60
G190A	190	A	0	45	10	60	15
G190C	190	C	10	60	10	60	10
G190E	190	E	60	60	45	60	60
G190Q	190	Q	30	60	45	60	45
G190S	190	S	30	60	10	60	15
G190T	190	T	10	60	10	60	10
G190V	190	V	10	60	10	60	10
H221Y	221	Y	15	10	10	15	15
P225H	225	H	30	45	0	45	0
F227C	227	C	60	45	30	45	45
F227I	227	I	50	10	0	30	0
F227L	227	L	50	15	0	30	0
F227V	227	V	50	10	0	30	0
M230I	230	I	15	15	15	30	30
M230L	230	L	60	45	30	60	60
L234I	234	I	30	0	0	0	0
P236L	236	L	15	0	0	0	0
K238N	238	N	0	10	0	10	0
K238T	238	T	0	30	0	30	0
Y318F	318	F	30	10	0	30	0
N348I	348	I	0	0	0	15	0
L100I + K103N			15	0	0	0	0
K101E + Y181C			0	5	5	5	0
K101E + M184I			0	0	0	0	15
K101E + Y188L			0	0	5	0	0
K101E + G190A			5	0	5	0	0
K101E + G190S			5	0	5	0	0
K103N + Y181C			10	0	0	0	0
K103R + V179D			0	20	0	20	15
V106A + F227L			15	15	0	0	0
V106I + Y181C			10	0	0	0	10
V106I + G190S			10	0	0	0	0
V108I + Y181C			10	0	0	0	0
V108I + L234I			15	0	0	0	0
E138K + M184I			0	0	0	0	15
V179F + Y181C			0	0	15	0	15
V179T + Y181C			0	0	10	0	10
Y181C + G190ACSTV			20	0	10	0	10
Y181CIV + H221Y			10	0	0	0	10
A98G + Y181C			5	5	5	5	5
A98G + F227C			15	15	15	15	15